{
    "system_config": {
        "cloud": "mqtt"
    },
    "mqtt_private_cloud_config": {
        "server": "mq.tongxinmao.com",
        "port": 18830,
        "client_id": "txm_1682300809",
        "user": "",
        "password": "",
        "clean_session": true,
        "qos": 0,
        "keepalive": 60,
        "subscribe": "/public/TEST/",
        "publish": "/public/TEST/"
    },
    "socket_private_cloud_config": {
        "ip_type":"IPv4",
        "domain": "120.76.100.197",
        "port": "10002",
        "keep_alive": 5
    },
    "uart_config": {
        "uart": 2,
        "baudrate": 115200,
        "databits": 8,
        "parity": 0,
        "stopbits": 1,
        "flowctl": 0,
        "rs485_direction_pin": ""
    }
}
